file_name,label
graph0.png,0
graph1.png,0
graph2.png,0
graph3.png,0
graph4.png,0
graph5.png,0
graph6.png,0
graph7.png,0
graph8.png,0
graph9.png,0
graph10.png,0
graph11.png,1
graph12.png,1
graph13.png,1
graph14.png,1
graph15.png,1
graph16.png,1
graph17.png,1
graph18.png,1
graph19.png,1
graph20.png,1
graph21.png,1
graph22.png,0
graph23.png,0
graph24.png,0
graph25.png,0
graph26.png,0
graph27.png,0
graph28.png,0
graph29.png,0
graph30.png,0
graph31.png,0
graph32.png,0
graph33.png,0
graph34.png,0
graph35.png,0
graph36.png,0
graph37.png,0
graph38.png,0
graph39.png,0
graph40.png,0
graph41.png,0
graph42.png,0
graph43.png,0
graph44.png,0
graph45.png,0
graph46.png,0
graph47.png,0
graph48.png,0
graph49.png,0
graph50.png,0
graph51.png,0
graph52.png,0
graph53.png,0
graph54.png,0
graph55.png,0
graph56.png,0
graph57.png,0
graph58.png,0
graph59.png,0
graph60.png,0
graph61.png,0
graph62.png,0
graph63.png,0
graph64.png,0
graph65.png,0
graph66.png,0
graph67.png,0
graph68.png,0
graph69.png,0
graph70.png,0
graph71.png,0
graph72.png,0
graph73.png,0
graph74.png,0
graph75.png,0
graph76.png,0
graph77.png,0
graph78.png,0
graph79.png,0
graph80.png,0
graph81.png,0
graph82.png,0
graph83.png,0
graph84.png,0
graph85.png,0
graph86.png,0
graph87.png,0
graph88.png,0
graph89.png,0
graph90.png,0
graph91.png,0
graph92.png,0
graph93.png,0
graph94.png,0
graph95.png,0
graph96.png,0
graph97.png,0
graph98.png,0
graph99.png,0
graph100.png,0
graph101.png,0
graph102.png,0
graph103.png,0
graph104.png,0
graph105.png,0
graph106.png,0
graph107.png,0
graph108.png,0
graph109.png,0
graph110.png,0
graph111.png,0
graph112.png,0
graph113.png,0
graph114.png,0
graph115.png,0
graph116.png,0
graph117.png,0
graph118.png,0
graph119.png,0
graph120.png,0
graph121.png,0
graph122.png,0
graph123.png,0
graph124.png,0
graph125.png,0
graph126.png,0
graph127.png,0
graph128.png,0
graph129.png,0
graph130.png,0
graph131.png,0
graph132.png,0
graph133.png,0
graph134.png,0
graph135.png,0
graph136.png,0
graph137.png,0
graph138.png,0
graph139.png,0
graph140.png,0
graph141.png,0
graph142.png,0
graph143.png,0
graph144.png,0
graph145.png,0
graph146.png,0
graph147.png,0
graph148.png,0
graph149.png,0
graph150.png,0
graph151.png,0
graph152.png,0
graph153.png,0
graph154.png,0
graph155.png,0
graph156.png,0
graph157.png,0
graph158.png,0
graph159.png,0
graph160.png,0
graph161.png,0
graph162.png,0
graph163.png,0
graph164.png,0
graph165.png,1
graph166.png,1
graph167.png,1
graph168.png,1
graph169.png,1
graph170.png,1
graph171.png,1
graph172.png,1
graph173.png,1
graph174.png,1
graph175.png,1
graph176.png,0
graph177.png,0
graph178.png,0
graph179.png,0
graph180.png,0
graph181.png,0
graph182.png,0
graph183.png,0
graph184.png,0
graph185.png,0
graph186.png,0
graph187.png,0
graph188.png,0
graph189.png,0
graph190.png,0
graph191.png,0
graph192.png,0
graph193.png,0
graph194.png,0
graph195.png,0
graph196.png,0
graph197.png,0
graph198.png,0
graph199.png,0
graph200.png,0
graph201.png,0
graph202.png,0
graph203.png,0
graph204.png,0
graph205.png,0
graph206.png,0
graph207.png,0
graph208.png,0
graph209.png,0
graph210.png,0
graph211.png,0
graph212.png,0
graph213.png,0
graph214.png,0
graph215.png,0
graph216.png,0
graph217.png,0
graph218.png,0
graph219.png,0
graph220.png,0
graph221.png,0
graph222.png,0
graph223.png,0
graph224.png,0
graph225.png,0
graph226.png,0
graph227.png,0
graph228.png,0
graph229.png,0
graph230.png,0
graph231.png,0
graph232.png,0
graph233.png,0
graph234.png,0
graph235.png,0
graph236.png,0
graph237.png,0
graph238.png,0
graph239.png,0
graph240.png,0
graph241.png,0
graph242.png,0
graph243.png,0
graph244.png,0
graph245.png,0
graph246.png,0
graph247.png,0
graph248.png,0
graph249.png,0
graph250.png,0
graph251.png,0
graph252.png,0
graph253.png,0
graph254.png,0
graph255.png,0
graph256.png,0
graph257.png,0
graph258.png,0
graph259.png,0
graph260.png,0
graph261.png,0
graph262.png,0
graph263.png,0
graph264.png,0
graph265.png,0
graph266.png,0
graph267.png,0
graph268.png,0
graph269.png,0
graph270.png,0
graph271.png,0
graph272.png,0
graph273.png,0
graph274.png,0
graph275.png,0
graph276.png,0
graph277.png,0
graph278.png,0
graph279.png,0
graph280.png,0
graph281.png,0
graph282.png,0
graph283.png,0
graph284.png,0
graph285.png,0
graph286.png,0
graph287.png,0
graph288.png,0
graph289.png,0
graph290.png,0
graph291.png,0
graph292.png,0
graph293.png,0
graph294.png,0
graph295.png,0
graph296.png,0
graph297.png,0
graph298.png,0
graph299.png,0
graph300.png,0
graph301.png,0
graph302.png,0
graph303.png,0
graph304.png,0
graph305.png,0
graph306.png,0
graph307.png,0
graph308.png,0
graph309.png,0
graph310.png,0
graph311.png,0
graph312.png,0
graph313.png,0
graph314.png,0
graph315.png,0
graph316.png,0
graph317.png,0
graph318.png,0
graph319.png,0
graph320.png,0
graph321.png,0
graph322.png,0
graph323.png,0
graph324.png,0
graph325.png,0
graph326.png,0
graph327.png,0
graph328.png,0
graph329.png,0
graph330.png,0
graph331.png,0
graph332.png,0
graph333.png,0
graph334.png,0
graph335.png,0
graph336.png,0
graph337.png,0
graph338.png,0
graph339.png,0
graph340.png,0
graph341.png,0
graph342.png,0
graph343.png,0
graph344.png,0
graph345.png,0
graph346.png,0
graph347.png,0
graph348.png,0
graph349.png,0
graph350.png,0
graph351.png,0
graph352.png,0
graph353.png,0
graph354.png,0
graph355.png,0
graph356.png,0
graph357.png,0
graph358.png,0
graph359.png,0
graph360.png,0
graph361.png,0
graph362.png,0
graph363.png,0
graph364.png,0
graph365.png,0
graph366.png,0
graph367.png,0
graph368.png,0
graph369.png,0
graph370.png,0
graph371.png,0
graph372.png,0
graph373.png,0
graph374.png,0
graph375.png,0
graph376.png,0
graph377.png,0
graph378.png,0
graph379.png,0
graph380.png,0
graph381.png,0
graph382.png,0
graph383.png,0
graph384.png,0
graph385.png,1
graph386.png,1
graph387.png,1
graph388.png,1
graph389.png,1
graph390.png,1
graph391.png,1
graph392.png,1
graph393.png,1
graph394.png,1
graph395.png,1
graph396.png,0
graph397.png,0
graph398.png,0
graph399.png,0
graph400.png,0
graph401.png,0
graph402.png,0
graph403.png,0
graph404.png,0
graph405.png,0
graph406.png,0
graph407.png,0
graph408.png,0
graph409.png,0
graph410.png,0
graph411.png,0
graph412.png,0
graph413.png,0
graph414.png,0
graph415.png,0
graph416.png,0
graph417.png,0
graph418.png,0
graph419.png,0
graph420.png,0
graph421.png,0
graph422.png,0
graph423.png,0
graph424.png,0
graph425.png,0
graph426.png,0
graph427.png,0
graph428.png,0
graph429.png,0
graph430.png,0
graph431.png,0
graph432.png,0
graph433.png,0
graph434.png,0
graph435.png,0
graph436.png,0
graph437.png,0
graph438.png,0
graph439.png,0
graph440.png,0
graph441.png,0
graph442.png,0
graph443.png,0
graph444.png,0
graph445.png,0
graph446.png,0
graph447.png,0
graph448.png,0
graph449.png,0
graph450.png,0
graph451.png,0
graph452.png,0
graph453.png,0
graph454.png,0
graph455.png,0
graph456.png,0
graph457.png,0
graph458.png,0
graph459.png,0
graph460.png,0
graph461.png,0
graph462.png,0
graph463.png,0
graph464.png,0
graph465.png,0
graph466.png,0
graph467.png,0
graph468.png,0
graph469.png,0
graph470.png,0
graph471.png,0
graph472.png,0
graph473.png,0
graph474.png,0
graph475.png,0
graph476.png,0
graph477.png,0
graph478.png,0
graph479.png,0
graph480.png,0
graph481.png,0
graph482.png,0
graph483.png,0
graph484.png,0
graph485.png,0
graph486.png,0
graph487.png,0
graph488.png,0
graph489.png,0
graph490.png,0
graph491.png,0
graph492.png,0
graph493.png,0
graph494.png,0
graph495.png,0
graph496.png,0
graph497.png,0
graph498.png,0
graph499.png,0
graph500.png,0
graph501.png,0
graph502.png,0
graph503.png,0
graph504.png,0
graph505.png,0
graph506.png,0
graph507.png,0
graph508.png,0
graph509.png,0
graph510.png,0
graph511.png,0
graph512.png,0
graph513.png,0
graph514.png,0
graph515.png,0
graph516.png,0
graph517.png,0
graph518.png,0
graph519.png,0
graph520.png,0
graph521.png,0
graph522.png,0
graph523.png,0
graph524.png,0
graph525.png,0
graph526.png,0
graph527.png,0
graph528.png,0
graph529.png,0
graph530.png,0
graph531.png,0
graph532.png,0
graph533.png,0
graph534.png,0
graph535.png,0
graph536.png,0
graph537.png,0
graph538.png,0
graph539.png,0
graph540.png,0
graph541.png,0
graph542.png,0
graph543.png,0
graph544.png,0
graph545.png,0
graph546.png,0
graph547.png,0
graph548.png,0
graph549.png,0
graph550.png,1
graph551.png,1
graph552.png,1
graph553.png,1
graph554.png,1
graph555.png,1
graph556.png,1
graph557.png,1
graph558.png,1
graph559.png,1
graph560.png,1
graph561.png,0
graph562.png,0
graph563.png,0
graph564.png,0
graph565.png,0
graph566.png,0
graph567.png,0
graph568.png,0
graph569.png,0
graph570.png,0
graph571.png,0
graph572.png,0
graph573.png,0
graph574.png,0
graph575.png,0
graph576.png,0
graph577.png,0
graph578.png,0
graph579.png,0
graph580.png,0
graph581.png,0
graph582.png,0
graph583.png,0
graph584.png,0
graph585.png,0
graph586.png,0
graph587.png,0
graph588.png,0
graph589.png,0
graph590.png,0
graph591.png,0
graph592.png,0
graph593.png,0
graph594.png,0
graph595.png,0
graph596.png,0
graph597.png,0
graph598.png,0
graph599.png,0
graph600.png,0
graph601.png,0
graph602.png,0
graph603.png,0
graph604.png,0
graph605.png,0
graph606.png,0
graph607.png,0
graph608.png,0
graph609.png,0
graph610.png,0
graph611.png,0
graph612.png,0
graph613.png,0
graph614.png,0
graph615.png,0
graph616.png,0
graph617.png,0
graph618.png,0
graph619.png,0
graph620.png,0
graph621.png,0
graph622.png,0
graph623.png,0
graph624.png,0
graph625.png,0
graph626.png,0
graph627.png,0
graph628.png,0
graph629.png,0
graph630.png,0
graph631.png,0
graph632.png,0
graph633.png,0
graph634.png,0
graph635.png,0
graph636.png,0
graph637.png,0
graph638.png,0
graph639.png,0
graph640.png,0
graph641.png,0
graph642.png,0
graph643.png,0
graph644.png,0
graph645.png,0
graph646.png,0
graph647.png,0
graph648.png,0
graph649.png,0
graph650.png,0
graph651.png,0
graph652.png,0
graph653.png,0
graph654.png,0
graph655.png,0
graph656.png,0
graph657.png,0
graph658.png,0
graph659.png,0
graph660.png,0
graph661.png,0
graph662.png,0
graph663.png,0
graph664.png,0
graph665.png,0
graph666.png,0
graph667.png,0
graph668.png,0
graph669.png,0
graph670.png,0
graph671.png,0
graph672.png,0
graph673.png,0
graph674.png,0
graph675.png,0
graph676.png,0
graph677.png,0
graph678.png,0
graph679.png,0
graph680.png,0
graph681.png,0
graph682.png,0
graph683.png,0
graph684.png,0
graph685.png,0
graph686.png,0
graph687.png,0
graph688.png,0
graph689.png,0
graph690.png,0
graph691.png,0
graph692.png,0
graph693.png,0
graph694.png,0
graph695.png,0
graph696.png,0
graph697.png,0
graph698.png,0
graph699.png,0
graph700.png,0
graph701.png,0
graph702.png,0
graph703.png,0
graph704.png,0
graph705.png,0
graph706.png,0
graph707.png,0
graph708.png,0
graph709.png,0
graph710.png,0
graph711.png,0
graph712.png,0
graph713.png,0
graph714.png,0
graph715.png,0
graph716.png,0
graph717.png,0
graph718.png,0
graph719.png,0
graph720.png,0
graph721.png,0
graph722.png,0
graph723.png,0
graph724.png,0
graph725.png,0
graph726.png,0
graph727.png,0
graph728.png,0
graph729.png,0
graph730.png,0
graph731.png,0
graph732.png,0
graph733.png,0
graph734.png,0
graph735.png,0
graph736.png,0
graph737.png,0
graph738.png,0
graph739.png,0
graph740.png,0
graph741.png,0
graph742.png,0
graph743.png,0
graph744.png,0
graph745.png,0
graph746.png,0
graph747.png,0
graph748.png,0
graph749.png,0
graph750.png,0
graph751.png,0
graph752.png,0
graph753.png,0
graph754.png,0
graph755.png,0
graph756.png,0
graph757.png,0
graph758.png,0
graph759.png,0
graph760.png,0
graph761.png,0
graph762.png,0
graph763.png,0
graph764.png,0
graph765.png,0
graph766.png,0
graph767.png,0
graph768.png,0
graph769.png,0
graph770.png,0
graph771.png,0
graph772.png,0
graph773.png,0
graph774.png,0
graph775.png,0
graph776.png,0
graph777.png,0
graph778.png,0
graph779.png,0
graph780.png,0
graph781.png,0
graph782.png,0
graph783.png,0
graph784.png,0
graph785.png,0
graph786.png,0
graph787.png,0
graph788.png,0
graph789.png,0
graph790.png,0
graph791.png,0
graph792.png,0
graph793.png,0
graph794.png,0
graph795.png,0
graph796.png,0
graph797.png,0
graph798.png,0
graph799.png,0
graph800.png,0
graph801.png,0
graph802.png,0
graph803.png,0
graph804.png,0
graph805.png,0
graph806.png,0
graph807.png,0
graph808.png,0
graph809.png,0
graph810.png,0
graph811.png,0
graph812.png,0
graph813.png,0
graph814.png,0
graph815.png,0
graph816.png,0
graph817.png,0
graph818.png,0
graph819.png,0
graph820.png,0
graph821.png,0
graph822.png,0
graph823.png,0
graph824.png,0
graph825.png,0
graph826.png,0
graph827.png,0
graph828.png,0
graph829.png,0
graph830.png,0
graph831.png,0
graph832.png,0
graph833.png,0
graph834.png,0
graph835.png,0
graph836.png,0
graph837.png,0
graph838.png,0
graph839.png,0
graph840.png,0
graph841.png,0
graph842.png,0
graph843.png,0
graph844.png,0
graph845.png,0
graph846.png,0
graph847.png,0
graph848.png,0
graph849.png,0
graph850.png,0
graph851.png,0
graph852.png,0
graph853.png,0
graph854.png,0
graph855.png,0
graph856.png,0
graph857.png,0
graph858.png,0
graph859.png,0
graph860.png,0
graph861.png,0
graph862.png,0
graph863.png,0
graph864.png,0
graph865.png,0
graph866.png,0
graph867.png,0
graph868.png,0
graph869.png,0
graph870.png,0
graph871.png,0
graph872.png,0
graph873.png,0
graph874.png,0
graph875.png,0
graph876.png,0
graph877.png,0
graph878.png,0
graph879.png,0
graph880.png,0
graph881.png,0
graph882.png,0
graph883.png,0
graph884.png,0
graph885.png,0
graph886.png,0
graph887.png,0
graph888.png,0
graph889.png,0
graph890.png,0
graph891.png,0
graph892.png,0
graph893.png,0
graph894.png,0
graph895.png,0
graph896.png,0
graph897.png,0
graph898.png,0
graph899.png,0
graph900.png,0
graph901.png,0
graph902.png,0
graph903.png,0
graph904.png,0
graph905.png,0
graph906.png,0
graph907.png,0
graph908.png,0
graph909.png,0
graph910.png,0
graph911.png,0
graph912.png,0
graph913.png,0
graph914.png,0
graph915.png,0
graph916.png,0
graph917.png,0
graph918.png,0
graph919.png,0
graph920.png,0
graph921.png,0
graph922.png,0
graph923.png,0
graph924.png,0
graph925.png,0
graph926.png,0
graph927.png,0
graph928.png,0
graph929.png,0
graph930.png,0
graph931.png,0
graph932.png,0
graph933.png,0
graph934.png,0
graph935.png,0
graph936.png,0
graph937.png,0
graph938.png,0
graph939.png,0
graph940.png,0
graph941.png,0
graph942.png,0
graph943.png,0
graph944.png,0
graph945.png,0
graph946.png,0
graph947.png,0
graph948.png,0
graph949.png,0
graph950.png,0
graph951.png,0
graph952.png,0
graph953.png,0
graph954.png,0
graph955.png,0
graph956.png,0
graph957.png,0
graph958.png,0
graph959.png,0
graph960.png,0
graph961.png,0
graph962.png,0
graph963.png,0
graph964.png,0
graph965.png,0
graph966.png,0
graph967.png,0
graph968.png,0
graph969.png,0
graph970.png,0
graph971.png,0
graph972.png,0
graph973.png,0
graph974.png,0
graph975.png,0
graph976.png,0
graph977.png,0
graph978.png,0
graph979.png,0
graph980.png,0
graph981.png,0
graph982.png,0
graph983.png,0
graph984.png,0
graph985.png,0
graph986.png,0
graph987.png,0
graph988.png,0
graph989.png,0
graph990.png,0
graph991.png,0
graph992.png,0
graph993.png,0
graph994.png,0
graph995.png,0
graph996.png,0
graph997.png,0
graph998.png,0
graph999.png,0
graph1000.png,0
graph1001.png,0
graph1002.png,0
graph1003.png,0
graph1004.png,0
graph1005.png,0
graph1006.png,0
graph1007.png,0
graph1008.png,0
graph1009.png,0
graph1010.png,0
graph1011.png,0
graph1012.png,0
graph1013.png,0
graph1014.png,0
graph1015.png,0
graph1016.png,0
graph1017.png,0
graph1018.png,0
graph1019.png,0
graph1020.png,0
graph1021.png,0
graph1022.png,0
graph1023.png,0
graph1024.png,0
graph1025.png,0
graph1026.png,0
graph1027.png,0
graph1028.png,0
graph1029.png,0
graph1030.png,0
graph1031.png,0
graph1032.png,0
graph1033.png,0
graph1034.png,0
graph1035.png,0
graph1036.png,0
graph1037.png,0
graph1038.png,0
graph1039.png,0
graph1040.png,0
graph1041.png,0
graph1042.png,0
graph1043.png,0
graph1044.png,0
graph1045.png,0
graph1046.png,0
graph1047.png,0
graph1048.png,0
graph1049.png,0
graph1050.png,0
graph1051.png,0
graph1052.png,0
graph1053.png,0
graph1054.png,0
graph1055.png,0
graph1056.png,0
graph1057.png,0
graph1058.png,0
graph1059.png,0
graph1060.png,0
graph1061.png,0
graph1062.png,0
graph1063.png,0
graph1064.png,0
graph1065.png,0
graph1066.png,0
graph1067.png,0
graph1068.png,0
graph1069.png,0
graph1070.png,0
graph1071.png,0
graph1072.png,0
graph1073.png,0
graph1074.png,0
graph1075.png,0
graph1076.png,0
graph1077.png,0
graph1078.png,0
graph1079.png,0
graph1080.png,0
graph1081.png,0
graph1082.png,0
graph1083.png,0
graph1084.png,0
graph1085.png,0
graph1086.png,0
graph1087.png,0
graph1088.png,0
graph1089.png,0
graph1090.png,0
graph1091.png,0
graph1092.png,0
graph1093.png,0
graph1094.png,0
graph1095.png,0
graph1096.png,0
graph1097.png,0
graph1098.png,0
graph1099.png,0
graph1100.png,0
graph1101.png,0
graph1102.png,0
graph1103.png,0
graph1104.png,0
graph1105.png,0
graph1106.png,0
graph1107.png,0
graph1108.png,0
graph1109.png,0
graph1110.png,0
graph1111.png,0
graph1112.png,0
graph1113.png,0
graph1114.png,0
graph1115.png,0
graph1116.png,0
graph1117.png,0
graph1118.png,0
graph1119.png,0
graph1120.png,0
graph1121.png,0
graph1122.png,0
graph1123.png,0
graph1124.png,0
graph1125.png,0
graph1126.png,0
graph1127.png,0
graph1128.png,0
graph1129.png,0
graph1130.png,0
graph1131.png,0
graph1132.png,0
graph1133.png,0
graph1134.png,0
graph1135.png,0
graph1136.png,0
graph1137.png,0
graph1138.png,0
graph1139.png,0
graph1140.png,0
graph1141.png,0
graph1142.png,0
graph1143.png,0
graph1144.png,0
graph1145.png,0
graph1146.png,0
graph1147.png,0
graph1148.png,0
graph1149.png,0
graph1150.png,0
graph1151.png,0
graph1152.png,0
graph1153.png,0
graph1154.png,0
graph1155.png,0
graph1156.png,0
graph1157.png,0
graph1158.png,0
graph1159.png,0
graph1160.png,0
graph1161.png,0
graph1162.png,0
graph1163.png,0
graph1164.png,0
graph1165.png,0
graph1166.png,0
graph1167.png,0
graph1168.png,0
graph1169.png,0
graph1170.png,0
graph1171.png,0
graph1172.png,0
graph1173.png,0
graph1174.png,0
graph1175.png,0
graph1176.png,0
graph1177.png,0
graph1178.png,0
graph1179.png,0
graph1180.png,0
graph1181.png,0
graph1182.png,0
graph1183.png,0
graph1184.png,0
graph1185.png,0
graph1186.png,0
graph1187.png,0
graph1188.png,0
graph1189.png,0
graph1190.png,0
graph1191.png,0
graph1192.png,0
graph1193.png,0
graph1194.png,0
graph1195.png,0
graph1196.png,0
graph1197.png,0
graph1198.png,0
graph1199.png,0
graph1200.png,0
graph1201.png,0
graph1202.png,0
graph1203.png,0
graph1204.png,0
graph1205.png,0
graph1206.png,0
graph1207.png,0
graph1208.png,0
graph1209.png,0
graph1210.png,0
graph1211.png,0
graph1212.png,0
graph1213.png,0
graph1214.png,0
graph1215.png,0
graph1216.png,0
graph1217.png,0
graph1218.png,0
graph1219.png,0
graph1220.png,0
graph1221.png,0
graph1222.png,0
graph1223.png,0
graph1224.png,0
graph1225.png,0
graph1226.png,0
graph1227.png,0
graph1228.png,0
graph1229.png,0
graph1230.png,0
graph1231.png,0
graph1232.png,0
graph1233.png,0
graph1234.png,0
graph1235.png,0
graph1236.png,0
graph1237.png,0
graph1238.png,0
graph1239.png,0
graph1240.png,0
graph1241.png,0
graph1242.png,0
graph1243.png,0
graph1244.png,0
graph1245.png,0
graph1246.png,0
graph1247.png,0
graph1248.png,0
graph1249.png,0
graph1250.png,0
graph1251.png,0
graph1252.png,0
graph1253.png,0
graph1254.png,0
graph1255.png,0
graph1256.png,0
graph1257.png,0
graph1258.png,0
graph1259.png,0
graph1260.png,0
graph1261.png,0
graph1262.png,0
graph1263.png,0
graph1264.png,0
graph1265.png,0
graph1266.png,0
graph1267.png,0
graph1268.png,0
graph1269.png,0
graph1270.png,0
graph1271.png,0
graph1272.png,0
graph1273.png,0
graph1274.png,0
graph1275.png,0
graph1276.png,0
graph1277.png,0
graph1278.png,0
graph1279.png,0
graph1280.png,0
graph1281.png,0
graph1282.png,0
graph1283.png,0
graph1284.png,0
graph1285.png,0
graph1286.png,0
graph1287.png,0
graph1288.png,0
graph1289.png,0
graph1290.png,0
graph1291.png,0
graph1292.png,0
graph1293.png,0
graph1294.png,0
graph1295.png,0
graph1296.png,0
graph1297.png,0
graph1298.png,0
graph1299.png,0
graph1300.png,0
graph1301.png,0
graph1302.png,0
graph1303.png,0
graph1304.png,0
graph1305.png,0
graph1306.png,0
graph1307.png,0
graph1308.png,0
graph1309.png,0
graph1310.png,0
graph1311.png,0
graph1312.png,0
graph1313.png,0
graph1314.png,0
graph1315.png,0
graph1316.png,0
graph1317.png,0
graph1318.png,0
graph1319.png,0
graph1320.png,0
graph1321.png,0
graph1322.png,0
graph1323.png,0
graph1324.png,0
graph1325.png,0
graph1326.png,0
graph1327.png,0
graph1328.png,0
graph1329.png,0
graph1330.png,0
graph1331.png,0
graph1332.png,0
graph1333.png,0
graph1334.png,0
graph1335.png,0
graph1336.png,0
graph1337.png,0
graph1338.png,0
graph1339.png,0
graph1340.png,0
graph1341.png,0
graph1342.png,0
graph1343.png,0
graph1344.png,0
graph1345.png,0
graph1346.png,0
graph1347.png,0
graph1348.png,0
graph1349.png,0
graph1350.png,0
graph1351.png,0
graph1352.png,0
graph1353.png,0
graph1354.png,0
graph1355.png,0
graph1356.png,0
graph1357.png,0
graph1358.png,0
graph1359.png,0
graph1360.png,0
graph1361.png,0
graph1362.png,0
graph1363.png,0
graph1364.png,0
graph1365.png,0
graph1366.png,0
graph1367.png,0
graph1368.png,0
graph1369.png,0
graph1370.png,0
graph1371.png,0
graph1372.png,0
graph1373.png,0
graph1374.png,0
graph1375.png,0
graph1376.png,0
graph1377.png,0
graph1378.png,0
graph1379.png,0
graph1380.png,0
graph1381.png,0
graph1382.png,0
graph1383.png,0
graph1384.png,0
graph1385.png,0
graph1386.png,0
graph1387.png,0
graph1388.png,0
graph1389.png,0
graph1390.png,0
graph1391.png,0
graph1392.png,0
graph1393.png,0
graph1394.png,0
graph1395.png,0
graph1396.png,0
graph1397.png,0
graph1398.png,0
graph1399.png,0
graph1400.png,0
graph1401.png,0
graph1402.png,0
graph1403.png,0
graph1404.png,0
graph1405.png,0
graph1406.png,0
graph1407.png,0
graph1408.png,0
graph1409.png,0
graph1410.png,0
graph1411.png,0
graph1412.png,0
graph1413.png,0
graph1414.png,0
graph1415.png,0
graph1416.png,0
graph1417.png,0
graph1418.png,0
graph1419.png,0
graph1420.png,0
graph1421.png,0
graph1422.png,0
graph1423.png,0
graph1424.png,0
graph1425.png,0
graph1426.png,0
graph1427.png,0
graph1428.png,0
graph1429.png,0
graph1430.png,0
graph1431.png,0
graph1432.png,0
graph1433.png,0
graph1434.png,0
graph1435.png,0
graph1436.png,0
graph1437.png,0
graph1438.png,0
graph1439.png,0
graph1440.png,0
graph1441.png,0
graph1442.png,0
graph1443.png,0
graph1444.png,0
graph1445.png,0
graph1446.png,0
graph1447.png,0
graph1448.png,0
graph1449.png,0
graph1450.png,0
graph1451.png,0
graph1452.png,0
graph1453.png,0
graph1454.png,0
graph1455.png,0
graph1456.png,0
graph1457.png,0
graph1458.png,0
graph1459.png,0
graph1460.png,0
graph1461.png,0
graph1462.png,0
graph1463.png,0
graph1464.png,0
graph1465.png,0
graph1466.png,0
graph1467.png,0
graph1468.png,0
graph1469.png,0
graph1470.png,0
graph1471.png,0
graph1472.png,0
graph1473.png,0
graph1474.png,0
graph1475.png,0
graph1476.png,0
graph1477.png,0
graph1478.png,0
graph1479.png,0
graph1480.png,0
graph1481.png,0
graph1482.png,0
graph1483.png,0
graph1484.png,0
graph1485.png,0
graph1486.png,0
graph1487.png,0
graph1488.png,0
graph1489.png,0
graph1490.png,0
graph1491.png,0
graph1492.png,0
graph1493.png,0
graph1494.png,0
graph1495.png,0
graph1496.png,0
graph1497.png,0
graph1498.png,0
graph1499.png,0
graph1500.png,0
graph1501.png,0
graph1502.png,0
graph1503.png,0
graph1504.png,0
graph1505.png,0
graph1506.png,0
graph1507.png,0
graph1508.png,0
graph1509.png,0
graph1510.png,0
graph1511.png,0
graph1512.png,0
graph1513.png,0
graph1514.png,0
graph1515.png,0
graph1516.png,0
graph1517.png,0
graph1518.png,0
graph1519.png,0
graph1520.png,0
graph1521.png,0
graph1522.png,0
graph1523.png,0
graph1524.png,0
graph1525.png,0
graph1526.png,0
graph1527.png,0
graph1528.png,0
graph1529.png,0
graph1530.png,0
graph1531.png,0
graph1532.png,0
graph1533.png,0
graph1534.png,0
graph1535.png,0
graph1536.png,0
graph1537.png,0
graph1538.png,0
graph1539.png,0
graph1540.png,0
graph1541.png,0
graph1542.png,0
graph1543.png,0
graph1544.png,0
graph1545.png,0
graph1546.png,0
graph1547.png,0
graph1548.png,0
graph1549.png,0
graph1550.png,0
graph1551.png,0
graph1552.png,0
graph1553.png,0
graph1554.png,0
graph1555.png,0
graph1556.png,0
graph1557.png,0
graph1558.png,0
graph1559.png,0
graph1560.png,0
graph1561.png,0
graph1562.png,0
graph1563.png,0
graph1564.png,0
graph1565.png,0
graph1566.png,0
graph1567.png,0
graph1568.png,0
graph1569.png,0
graph1570.png,0
graph1571.png,0
graph1572.png,0
graph1573.png,0
graph1574.png,0
graph1575.png,0
graph1576.png,0
graph1577.png,0
graph1578.png,0
graph1579.png,0
graph1580.png,0
graph1581.png,0
graph1582.png,0
graph1583.png,0
graph1584.png,0
graph1585.png,0
graph1586.png,0
graph1587.png,0
graph1588.png,0
graph1589.png,0
graph1590.png,0
graph1591.png,0
graph1592.png,0
graph1593.png,0
graph1594.png,0
graph1595.png,0
graph1596.png,0
graph1597.png,0
graph1598.png,0
graph1599.png,0
graph1600.png,0
graph1601.png,0
graph1602.png,0
graph1603.png,0
graph1604.png,0
graph1605.png,0
graph1606.png,0
graph1607.png,0
graph1608.png,0
graph1609.png,0
graph1610.png,0
graph1611.png,0
graph1612.png,0
graph1613.png,0
graph1614.png,0
graph1615.png,0
graph1616.png,0
graph1617.png,1
graph1618.png,1
graph1619.png,1
graph1620.png,1
graph1621.png,1
graph1622.png,1
graph1623.png,1
graph1624.png,1
graph1625.png,1
graph1626.png,1
graph1627.png,1
graph1628.png,0
graph1629.png,0
graph1630.png,0
graph1631.png,0
graph1632.png,0
graph1633.png,0
graph1634.png,0
graph1635.png,0
graph1636.png,0
graph1637.png,0
graph1638.png,0
graph1639.png,0
graph1640.png,0
graph1641.png,0
graph1642.png,0
graph1643.png,0
graph1644.png,0
graph1645.png,0
graph1646.png,0
graph1647.png,0
graph1648.png,0
graph1649.png,0
graph1650.png,0
graph1651.png,0
graph1652.png,0
graph1653.png,0
graph1654.png,0
graph1655.png,0
graph1656.png,0
graph1657.png,0
graph1658.png,0
graph1659.png,0
graph1660.png,0
graph1661.png,0
graph1662.png,0
graph1663.png,0
graph1664.png,0
graph1665.png,0
graph1666.png,0
graph1667.png,0
graph1668.png,0
graph1669.png,0
graph1670.png,0
graph1671.png,0
graph1672.png,0
graph1673.png,0
graph1674.png,0
graph1675.png,0
graph1676.png,0
graph1677.png,0
graph1678.png,0
graph1679.png,0
graph1680.png,0
graph1681.png,0
graph1682.png,0
graph1683.png,0
graph1684.png,0
graph1685.png,0
graph1686.png,0
graph1687.png,0
graph1688.png,0
graph1689.png,0
graph1690.png,0
graph1691.png,0
graph1692.png,0
graph1693.png,0
graph1694.png,0
graph1695.png,0
graph1696.png,0
graph1697.png,0
graph1698.png,0
graph1699.png,0
graph1700.png,0
graph1701.png,0
graph1702.png,0
graph1703.png,0
graph1704.png,0
graph1705.png,0
graph1706.png,0
graph1707.png,0
graph1708.png,0
graph1709.png,0
graph1710.png,0
graph1711.png,0
graph1712.png,0
graph1713.png,0
graph1714.png,0
graph1715.png,0
graph1716.png,0
graph1717.png,0
graph1718.png,0
graph1719.png,0
graph1720.png,0
graph1721.png,0
graph1722.png,0
graph1723.png,0
graph1724.png,0
graph1725.png,0
graph1726.png,0
graph1727.png,0
graph1728.png,0
graph1729.png,0
graph1730.png,0
graph1731.png,0
graph1732.png,0
graph1733.png,0
graph1734.png,0
graph1735.png,0
graph1736.png,0
graph1737.png,0
graph1738.png,0
graph1739.png,0
graph1740.png,0
graph1741.png,0
graph1742.png,0
graph1743.png,0
graph1744.png,0
graph1745.png,0
graph1746.png,0
graph1747.png,0
graph1748.png,0
graph1749.png,0
graph1750.png,0
graph1751.png,0
graph1752.png,0
graph1753.png,0
graph1754.png,0
graph1755.png,0
graph1756.png,0
graph1757.png,0
graph1758.png,0
graph1759.png,0
graph1760.png,0
graph1761.png,0
graph1762.png,0
graph1763.png,0
graph1764.png,0
graph1765.png,0
graph1766.png,0
graph1767.png,0
graph1768.png,0
graph1769.png,0
graph1770.png,0
graph1771.png,0
graph1772.png,0
graph1773.png,0
graph1774.png,0
graph1775.png,0
graph1776.png,0
graph1777.png,0
graph1778.png,0
graph1779.png,0
graph1780.png,0
graph1781.png,0
graph1782.png,0
graph1783.png,0
graph1784.png,0
graph1785.png,0
graph1786.png,0
graph1787.png,0
graph1788.png,0
graph1789.png,0
graph1790.png,0
graph1791.png,0
graph1792.png,0
graph1793.png,0
graph1794.png,0
graph1795.png,0
graph1796.png,0
graph1797.png,0
graph1798.png,0
graph1799.png,0
graph1800.png,0
graph1801.png,0
graph1802.png,0
graph1803.png,0
graph1804.png,0
graph1805.png,0
graph1806.png,0
graph1807.png,0
graph1808.png,0
graph1809.png,0
graph1810.png,0
graph1811.png,0
graph1812.png,0
graph1813.png,0
graph1814.png,0
graph1815.png,0
graph1816.png,0
graph1817.png,0
graph1818.png,0
graph1819.png,0
graph1820.png,0
graph1821.png,0
graph1822.png,0
graph1823.png,0
graph1824.png,0
graph1825.png,0
graph1826.png,0
graph1827.png,0
graph1828.png,0
graph1829.png,0
graph1830.png,0
graph1831.png,0
graph1832.png,0
graph1833.png,0
graph1834.png,0
graph1835.png,0
graph1836.png,0
graph1837.png,0
graph1838.png,0
graph1839.png,0
graph1840.png,0
graph1841.png,0
graph1842.png,0
graph1843.png,0
graph1844.png,0
graph1845.png,0
graph1846.png,0
graph1847.png,0
graph1848.png,0
graph1849.png,0
graph1850.png,0
graph1851.png,0
graph1852.png,0
graph1853.png,0
graph1854.png,0
graph1855.png,0
graph1856.png,0
graph1857.png,0
graph1858.png,0
graph1859.png,0
graph1860.png,0
graph1861.png,0
graph1862.png,0
graph1863.png,0
graph1864.png,0
graph1865.png,0
graph1866.png,0
graph1867.png,0
graph1868.png,0
graph1869.png,0
graph1870.png,0
graph1871.png,0
graph1872.png,0
graph1873.png,0
graph1874.png,0
graph1875.png,0
graph1876.png,0
graph1877.png,0
graph1878.png,0
graph1879.png,0
graph1880.png,0
graph1881.png,0
graph1882.png,0
graph1883.png,0
graph1884.png,0
graph1885.png,0
graph1886.png,0
graph1887.png,0
graph1888.png,0
graph1889.png,0
graph1890.png,0
graph1891.png,0
graph1892.png,0
graph1893.png,0
graph1894.png,0
graph1895.png,0
graph1896.png,0
graph1897.png,0
graph1898.png,0
graph1899.png,0
graph1900.png,0
graph1901.png,0
graph1902.png,0
graph1903.png,0
graph1904.png,0
graph1905.png,0
graph1906.png,0
graph1907.png,0
graph1908.png,0
graph1909.png,0
graph1910.png,0
graph1911.png,0
graph1912.png,0
graph1913.png,0
graph1914.png,0
graph1915.png,0
graph1916.png,0
graph1917.png,0
graph1918.png,0
graph1919.png,0
graph1920.png,0
graph1921.png,0
graph1922.png,0
graph1923.png,0
graph1924.png,0
graph1925.png,0
graph1926.png,0
graph1927.png,0
graph1928.png,0
graph1929.png,0
graph1930.png,0
graph1931.png,0
graph1932.png,0
graph1933.png,0
graph1934.png,0
graph1935.png,0
graph1936.png,0
graph1937.png,0
graph1938.png,0
graph1939.png,0
graph1940.png,0
graph1941.png,0
graph1942.png,0
graph1943.png,0
graph1944.png,0
graph1945.png,0
graph1946.png,0
graph1947.png,0
graph1948.png,0
graph1949.png,0
graph1950.png,0
graph1951.png,0
graph1952.png,0
graph1953.png,0
graph1954.png,0
graph1955.png,0
graph1956.png,0
graph1957.png,0
graph1958.png,0
graph1959.png,0
graph1960.png,0
graph1961.png,0
graph1962.png,0
graph1963.png,0
graph1964.png,0
graph1965.png,0
graph1966.png,0
graph1967.png,0
graph1968.png,0
graph1969.png,0
graph1970.png,0
graph1971.png,0
graph1972.png,0
graph1973.png,0
graph1974.png,0
graph1975.png,0
graph1976.png,0
graph1977.png,0
graph1978.png,0
graph1979.png,0
graph1980.png,0
graph1981.png,0
graph1982.png,0
graph1983.png,0
graph1984.png,0
graph1985.png,0
graph1986.png,0
graph1987.png,0
graph1988.png,0
graph1989.png,0
graph1990.png,0
graph1991.png,0
graph1992.png,0
graph1993.png,0
graph1994.png,0
graph1995.png,0
graph1996.png,0
graph1997.png,0
graph1998.png,0
graph1999.png,0
graph2000.png,0
graph2001.png,0
graph2002.png,0
graph2003.png,0
graph2004.png,0
graph2005.png,0
graph2006.png,0
graph2007.png,0
graph2008.png,0
graph2009.png,0
graph2010.png,0
graph2011.png,0
graph2012.png,0
graph2013.png,1
graph2014.png,1
graph2015.png,1
graph2016.png,1
graph2017.png,1
graph2018.png,1
graph2019.png,1
graph2020.png,1
graph2021.png,1
graph2022.png,1
graph2023.png,1
graph2024.png,0
graph2025.png,0
graph2026.png,0
graph2027.png,0
graph2028.png,0
graph2029.png,0
graph2030.png,0
graph2031.png,0
graph2032.png,0
graph2033.png,0
graph2034.png,0
graph2035.png,0
graph2036.png,0
graph2037.png,0
graph2038.png,0
graph2039.png,0
graph2040.png,0
graph2041.png,0
graph2042.png,0
graph2043.png,0
graph2044.png,0
graph2045.png,0
graph2046.png,0
graph2047.png,0
graph2048.png,0
graph2049.png,0
graph2050.png,0
graph2051.png,0
graph2052.png,0
graph2053.png,0
graph2054.png,0
graph2055.png,0
graph2056.png,0
graph2057.png,0
graph2058.png,0
graph2059.png,0
graph2060.png,0
graph2061.png,0
graph2062.png,0
graph2063.png,0
graph2064.png,0
graph2065.png,0
graph2066.png,0
graph2067.png,0
graph2068.png,0
graph2069.png,0
graph2070.png,0
graph2071.png,0
graph2072.png,0
graph2073.png,0
graph2074.png,0
graph2075.png,0
graph2076.png,0
graph2077.png,0
graph2078.png,0
graph2079.png,0
graph2080.png,0
graph2081.png,0
graph2082.png,0
graph2083.png,0
graph2084.png,0
graph2085.png,0
graph2086.png,0
graph2087.png,0
graph2088.png,0
graph2089.png,0
graph2090.png,0
graph2091.png,0
graph2092.png,0
graph2093.png,0
graph2094.png,0
graph2095.png,0
graph2096.png,0
graph2097.png,0
graph2098.png,0
graph2099.png,0
graph2100.png,0
graph2101.png,0
graph2102.png,0
graph2103.png,0
graph2104.png,0
graph2105.png,0
graph2106.png,0
graph2107.png,0
graph2108.png,0
graph2109.png,0
graph2110.png,0
graph2111.png,0
graph2112.png,0
graph2113.png,0
graph2114.png,0
graph2115.png,0
graph2116.png,0
graph2117.png,0
graph2118.png,0
graph2119.png,0
graph2120.png,0
graph2121.png,0
graph2122.png,0
graph2123.png,0
graph2124.png,0
graph2125.png,0
graph2126.png,0
graph2127.png,0
graph2128.png,0
graph2129.png,0
graph2130.png,0
graph2131.png,0
graph2132.png,0
graph2133.png,0
graph2134.png,0
graph2135.png,0
graph2136.png,0
graph2137.png,0
graph2138.png,0
graph2139.png,0
graph2140.png,0
graph2141.png,0
graph2142.png,0
graph2143.png,0
graph2144.png,0
graph2145.png,0
graph2146.png,0
graph2147.png,0
graph2148.png,0
graph2149.png,0
graph2150.png,0
graph2151.png,0
graph2152.png,0
graph2153.png,0
graph2154.png,0
graph2155.png,0
graph2156.png,0
graph2157.png,0
graph2158.png,0
graph2159.png,0
graph2160.png,0
graph2161.png,0
graph2162.png,0
graph2163.png,0
graph2164.png,0
graph2165.png,0
graph2166.png,0
graph2167.png,0
graph2168.png,0
graph2169.png,0
graph2170.png,0
graph2171.png,0
graph2172.png,0
graph2173.png,0
graph2174.png,0
graph2175.png,0
graph2176.png,0
graph2177.png,0
graph2178.png,0
graph2179.png,0
graph2180.png,0
graph2181.png,0
graph2182.png,0
graph2183.png,0
graph2184.png,0
graph2185.png,0
graph2186.png,0
graph2187.png,0
graph2188.png,0
graph2189.png,0
graph2190.png,0
graph2191.png,0
graph2192.png,0
graph2193.png,0
graph2194.png,0
graph2195.png,0
graph2196.png,0
graph2197.png,0
graph2198.png,0
graph2199.png,0
graph2200.png,0
graph2201.png,0
graph2202.png,0
graph2203.png,0
graph2204.png,0
graph2205.png,0
graph2206.png,0
graph2207.png,0
graph2208.png,0
graph2209.png,0
graph2210.png,0
graph2211.png,0
graph2212.png,0
graph2213.png,0
graph2214.png,0
graph2215.png,0
graph2216.png,0
graph2217.png,0
graph2218.png,0
graph2219.png,0
graph2220.png,0
graph2221.png,0
graph2222.png,0
graph2223.png,0
graph2224.png,0
graph2225.png,0
graph2226.png,0
graph2227.png,0
graph2228.png,0
graph2229.png,0
graph2230.png,0
graph2231.png,0
graph2232.png,0
graph2233.png,0
graph2234.png,0
graph2235.png,0
graph2236.png,0
graph2237.png,0
graph2238.png,0
graph2239.png,0
graph2240.png,0
graph2241.png,0
graph2242.png,0
graph2243.png,0
graph2244.png,0
graph2245.png,0
graph2246.png,0
graph2247.png,0
graph2248.png,0
graph2249.png,0
graph2250.png,0
graph2251.png,0
graph2252.png,0
graph2253.png,0
graph2254.png,0
graph2255.png,0
graph2256.png,0
graph2257.png,0
graph2258.png,0
graph2259.png,0
graph2260.png,0
graph2261.png,0
graph2262.png,0
graph2263.png,0
graph2264.png,0
graph2265.png,0
graph2266.png,0
graph2267.png,0
graph2268.png,0
graph2269.png,0
graph2270.png,0
graph2271.png,0
graph2272.png,0
graph2273.png,0
graph2274.png,0
graph2275.png,0
graph2276.png,0
graph2277.png,0
graph2278.png,0
graph2279.png,0
graph2280.png,0
graph2281.png,0
graph2282.png,0
graph2283.png,0
graph2284.png,0
graph2285.png,0
graph2286.png,0
graph2287.png,0
graph2288.png,0
graph2289.png,0
graph2290.png,0
graph2291.png,0
graph2292.png,0
graph2293.png,0
graph2294.png,0
graph2295.png,0
graph2296.png,0
graph2297.png,0
graph2298.png,0
graph2299.png,0
graph2300.png,0
graph2301.png,0
graph2302.png,0
graph2303.png,0
graph2304.png,0
graph2305.png,0
graph2306.png,0
graph2307.png,0
graph2308.png,0
graph2309.png,0
graph2310.png,0
graph2311.png,0
graph2312.png,0
graph2313.png,0
graph2314.png,0
graph2315.png,0
graph2316.png,0
graph2317.png,0
graph2318.png,0
graph2319.png,0
graph2320.png,0
graph2321.png,0
graph2322.png,0
graph2323.png,0
graph2324.png,0
graph2325.png,0
graph2326.png,0
graph2327.png,0
graph2328.png,0
graph2329.png,0
graph2330.png,0
graph2331.png,0
graph2332.png,0
graph2333.png,0
graph2334.png,0
graph2335.png,0
graph2336.png,0
graph2337.png,0
graph2338.png,0
graph2339.png,0
graph2340.png,0
graph2341.png,0
graph2342.png,0
graph2343.png,0
graph2344.png,0
graph2345.png,0
graph2346.png,0
graph2347.png,0
graph2348.png,0
graph2349.png,0
graph2350.png,0
graph2351.png,0
graph2352.png,0
graph2353.png,0
graph2354.png,0
graph2355.png,0
graph2356.png,0
graph2357.png,0
graph2358.png,0
graph2359.png,0
graph2360.png,0
graph2361.png,0
graph2362.png,0
graph2363.png,0
graph2364.png,0
graph2365.png,0
graph2366.png,0
graph2367.png,0
graph2368.png,0
graph2369.png,0
graph2370.png,0
graph2371.png,0
graph2372.png,0
graph2373.png,0
graph2374.png,0
graph2375.png,0
graph2376.png,0
graph2377.png,0
graph2378.png,0
graph2379.png,0
graph2380.png,0
graph2381.png,0
graph2382.png,0
graph2383.png,0
graph2384.png,0
graph2385.png,0
graph2386.png,0
graph2387.png,0
graph2388.png,0
graph2389.png,0
graph2390.png,0
graph2391.png,0
graph2392.png,0
graph2393.png,0
graph2394.png,0
graph2395.png,0
graph2396.png,0
graph2397.png,0
graph2398.png,0
graph2399.png,0
graph2400.png,0
graph2401.png,0
graph2402.png,0
graph2403.png,0
graph2404.png,0
graph2405.png,0
graph2406.png,0
graph2407.png,0
graph2408.png,0
graph2409.png,0
graph2410.png,0
graph2411.png,0
graph2412.png,0
graph2413.png,0
graph2414.png,0
graph2415.png,0
graph2416.png,0
graph2417.png,0
graph2418.png,0
graph2419.png,0
graph2420.png,0
graph2421.png,0
graph2422.png,0
graph2423.png,0
graph2424.png,0
graph2425.png,0
graph2426.png,0
graph2427.png,0
graph2428.png,0
graph2429.png,0
graph2430.png,0
graph2431.png,0
graph2432.png,0
graph2433.png,0
graph2434.png,0
graph2435.png,0
graph2436.png,0
graph2437.png,0
graph2438.png,0
graph2439.png,0
graph2440.png,0
graph2441.png,0
graph2442.png,0
graph2443.png,0
graph2444.png,0
graph2445.png,0
graph2446.png,0
graph2447.png,0
graph2448.png,0
graph2449.png,0
graph2450.png,0
graph2451.png,0
graph2452.png,0
graph2453.png,0
graph2454.png,0
graph2455.png,0
graph2456.png,0
graph2457.png,0
graph2458.png,0
graph2459.png,0
graph2460.png,0
graph2461.png,0
graph2462.png,0
graph2463.png,0
graph2464.png,0
graph2465.png,0
graph2466.png,0
graph2467.png,0
graph2468.png,0
graph2469.png,0
graph2470.png,0
graph2471.png,0
graph2472.png,0
graph2473.png,0
graph2474.png,0
graph2475.png,0
graph2476.png,0
graph2477.png,0
graph2478.png,0
graph2479.png,0
graph2480.png,0
graph2481.png,0
graph2482.png,0
graph2483.png,0
graph2484.png,0
graph2485.png,0
graph2486.png,0
graph2487.png,0
graph2488.png,0
graph2489.png,0
graph2490.png,0
graph2491.png,0
graph2492.png,0
graph2493.png,0
graph2494.png,0
graph2495.png,0
graph2496.png,0
graph2497.png,0
graph2498.png,0
graph2499.png,0
graph2500.png,0
graph2501.png,0
graph2502.png,0
graph2503.png,0
graph2504.png,0
graph2505.png,0
graph2506.png,0
graph2507.png,0
graph2508.png,0
graph2509.png,0
graph2510.png,0
graph2511.png,0
graph2512.png,0
graph2513.png,0
graph2514.png,0
graph2515.png,0
graph2516.png,0
graph2517.png,0
graph2518.png,0
graph2519.png,0
graph2520.png,0
graph2521.png,0
graph2522.png,0
graph2523.png,0
graph2524.png,0
graph2525.png,0
graph2526.png,0
graph2527.png,0
graph2528.png,0
graph2529.png,0
graph2530.png,0
graph2531.png,0
graph2532.png,0
graph2533.png,0
graph2534.png,0
graph2535.png,0
graph2536.png,0
graph2537.png,0
graph2538.png,0
graph2539.png,0
graph2540.png,0
graph2541.png,0
graph2542.png,0
graph2543.png,0
graph2544.png,0
graph2545.png,0
graph2546.png,0
graph2547.png,0
graph2548.png,0
graph2549.png,0
graph2550.png,0
graph2551.png,0
graph2552.png,0
graph2553.png,0
graph2554.png,0
graph2555.png,0
graph2556.png,0
graph2557.png,0
graph2558.png,0
graph2559.png,0
graph2560.png,0
graph2561.png,0
graph2562.png,0
graph2563.png,0
graph2564.png,0
graph2565.png,0
graph2566.png,0
graph2567.png,0
graph2568.png,0
graph2569.png,0
graph2570.png,0
graph2571.png,0
graph2572.png,0
graph2573.png,0
graph2574.png,0
graph2575.png,0
graph2576.png,0
graph2577.png,0
graph2578.png,0
graph2579.png,0
graph2580.png,0
graph2581.png,0
graph2582.png,0
graph2583.png,0
graph2584.png,0
graph2585.png,0
graph2586.png,0
graph2587.png,0
graph2588.png,0
graph2589.png,0
graph2590.png,0
graph2591.png,0
graph2592.png,0
graph2593.png,0
graph2594.png,0
graph2595.png,0
graph2596.png,0
graph2597.png,0
graph2598.png,0
graph2599.png,0
graph2600.png,0
graph2601.png,0
graph2602.png,0
graph2603.png,0
graph2604.png,0
graph2605.png,0
graph2606.png,0
graph2607.png,0
graph2608.png,0
graph2609.png,0
graph2610.png,0
graph2611.png,0
graph2612.png,0
graph2613.png,0
graph2614.png,0
graph2615.png,0
graph2616.png,0
graph2617.png,0
graph2618.png,0
graph2619.png,0
graph2620.png,0
graph2621.png,0
graph2622.png,0
graph2623.png,0
graph2624.png,0
graph2625.png,0
graph2626.png,0
graph2627.png,0
graph2628.png,0
graph2629.png,0
graph2630.png,0
graph2631.png,0
graph2632.png,0
graph2633.png,0
graph2634.png,0
graph2635.png,0
graph2636.png,0
graph2637.png,0
graph2638.png,0
graph2639.png,0
graph2640.png,0
graph2641.png,0
graph2642.png,0
graph2643.png,0
graph2644.png,0
graph2645.png,0
graph2646.png,0
graph2647.png,0
graph2648.png,0
graph2649.png,0
graph2650.png,0
graph2651.png,0
graph2652.png,0
graph2653.png,0
graph2654.png,0
graph2655.png,0
graph2656.png,0
graph2657.png,0
graph2658.png,0
graph2659.png,0
graph2660.png,0
graph2661.png,0
graph2662.png,0
graph2663.png,0
graph2664.png,0
graph2665.png,0
graph2666.png,0
graph2667.png,0
graph2668.png,0
graph2669.png,0
graph2670.png,0
graph2671.png,0
graph2672.png,0
graph2673.png,1
graph2674.png,1
graph2675.png,1
graph2676.png,1
graph2677.png,1
graph2678.png,1
graph2679.png,1
graph2680.png,1
graph2681.png,1
graph2682.png,1
graph2683.png,1
graph2684.png,0
graph2685.png,0
graph2686.png,0
graph2687.png,0
graph2688.png,0
graph2689.png,0
graph2690.png,0
graph2691.png,0
graph2692.png,0
graph2693.png,0
graph2694.png,0
graph2695.png,0
graph2696.png,0
graph2697.png,0
graph2698.png,0
graph2699.png,0
graph2700.png,0
graph2701.png,0
graph2702.png,0
graph2703.png,0
graph2704.png,0
graph2705.png,0
graph2706.png,0
graph2707.png,0
graph2708.png,0
graph2709.png,0
graph2710.png,0
graph2711.png,0
graph2712.png,0
graph2713.png,0
graph2714.png,0
graph2715.png,0
graph2716.png,0
graph2717.png,0
graph2718.png,0
graph2719.png,0
graph2720.png,0
graph2721.png,0
graph2722.png,0
graph2723.png,0
graph2724.png,0
graph2725.png,0
graph2726.png,0
graph2727.png,0
graph2728.png,0
graph2729.png,0
graph2730.png,0
graph2731.png,0
graph2732.png,0
graph2733.png,0
graph2734.png,0
graph2735.png,0
graph2736.png,0
graph2737.png,0
graph2738.png,0
graph2739.png,0
graph2740.png,0
graph2741.png,0
graph2742.png,0
graph2743.png,0
graph2744.png,0
graph2745.png,0
graph2746.png,0
graph2747.png,0
graph2748.png,0
graph2749.png,0
graph2750.png,0
graph2751.png,0
graph2752.png,0
graph2753.png,0
graph2754.png,0
graph2755.png,0
graph2756.png,0
graph2757.png,0
graph2758.png,0
graph2759.png,0
graph2760.png,0
graph2761.png,0
graph2762.png,0
graph2763.png,0
graph2764.png,0
graph2765.png,0
graph2766.png,0
graph2767.png,0
graph2768.png,0
graph2769.png,0
graph2770.png,0
graph2771.png,0
graph2772.png,0
graph2773.png,0
graph2774.png,0
graph2775.png,0
graph2776.png,0
graph2777.png,0
graph2778.png,0
graph2779.png,0
graph2780.png,0
graph2781.png,0
graph2782.png,0
graph2783.png,0
graph2784.png,0
graph2785.png,0
graph2786.png,0
graph2787.png,0
graph2788.png,0
graph2789.png,0
graph2790.png,0
graph2791.png,0
graph2792.png,0
graph2793.png,0
graph2794.png,0
graph2795.png,0
graph2796.png,0
graph2797.png,0
graph2798.png,0
graph2799.png,0
graph2800.png,0
graph2801.png,0
graph2802.png,0
graph2803.png,0
graph2804.png,0
graph2805.png,0
graph2806.png,0
graph2807.png,0
graph2808.png,0
graph2809.png,0
graph2810.png,0
graph2811.png,0
graph2812.png,0
graph2813.png,0
graph2814.png,0
graph2815.png,0
graph2816.png,0
graph2817.png,0
graph2818.png,0
graph2819.png,0
graph2820.png,0
graph2821.png,0
graph2822.png,0
graph2823.png,0
graph2824.png,0
graph2825.png,0
graph2826.png,0
graph2827.png,0
graph2828.png,0
graph2829.png,0
graph2830.png,0
graph2831.png,0
graph2832.png,0
graph2833.png,0
graph2834.png,0
graph2835.png,0
graph2836.png,0
graph2837.png,0
graph2838.png,0
graph2839.png,0
graph2840.png,0
graph2841.png,0
graph2842.png,0
graph2843.png,0
graph2844.png,0
graph2845.png,0
graph2846.png,0
graph2847.png,0
graph2848.png,0
graph2849.png,0
graph2850.png,0
graph2851.png,0
graph2852.png,0
graph2853.png,0
graph2854.png,0
graph2855.png,0
graph2856.png,0
graph2857.png,0
graph2858.png,0
graph2859.png,0
graph2860.png,0
graph2861.png,0
graph2862.png,0
graph2863.png,0
graph2864.png,0
graph2865.png,0
graph2866.png,0
graph2867.png,0
graph2868.png,0
graph2869.png,0
graph2870.png,0
graph2871.png,0
graph2872.png,0
graph2873.png,0
graph2874.png,0
graph2875.png,0
graph2876.png,0
graph2877.png,0
graph2878.png,0
graph2879.png,0
graph2880.png,0
graph2881.png,0
graph2882.png,0
graph2883.png,0
graph2884.png,0
graph2885.png,0
graph2886.png,0
graph2887.png,0
graph2888.png,0
graph2889.png,0
graph2890.png,0
graph2891.png,0
graph2892.png,0
graph2893.png,0
graph2894.png,0
graph2895.png,0
graph2896.png,0
graph2897.png,0
graph2898.png,0
graph2899.png,0
graph2900.png,0
graph2901.png,0
graph2902.png,0
graph2903.png,0
graph2904.png,0
graph2905.png,0
graph2906.png,0
graph2907.png,0
graph2908.png,0
graph2909.png,0
graph2910.png,0
graph2911.png,0
graph2912.png,0
graph2913.png,0
graph2914.png,0
graph2915.png,0
graph2916.png,0
graph2917.png,0
graph2918.png,0
graph2919.png,0
graph2920.png,0
graph2921.png,0
graph2922.png,0
graph2923.png,0
graph2924.png,0
graph2925.png,0
graph2926.png,0
graph2927.png,0
graph2928.png,0
graph2929.png,0
graph2930.png,0
graph2931.png,0
graph2932.png,0
graph2933.png,0
graph2934.png,0
graph2935.png,0
graph2936.png,0
graph2937.png,0
graph2938.png,0
graph2939.png,0
graph2940.png,0
graph2941.png,0
graph2942.png,0
graph2943.png,0
graph2944.png,0
graph2945.png,0
graph2946.png,0
graph2947.png,0
graph2948.png,0
graph2949.png,0
graph2950.png,0
graph2951.png,0
graph2952.png,0
graph2953.png,0
graph2954.png,0
graph2955.png,0
graph2956.png,0
graph2957.png,0
graph2958.png,0
graph2959.png,0
graph2960.png,0
graph2961.png,0
graph2962.png,0
graph2963.png,0
graph2964.png,0
graph2965.png,0
graph2966.png,0
graph2967.png,0
graph2968.png,0
graph2969.png,0
graph2970.png,0
graph2971.png,0
graph2972.png,0
graph2973.png,0
graph2974.png,0
graph2975.png,0
graph2976.png,0
graph2977.png,0
graph2978.png,0
graph2979.png,0
graph2980.png,0
graph2981.png,0
graph2982.png,0
graph2983.png,0
graph2984.png,0
graph2985.png,0
graph2986.png,0
graph2987.png,0
graph2988.png,0
graph2989.png,0
graph2990.png,0
graph2991.png,0
graph2992.png,0
graph2993.png,0
graph2994.png,0
graph2995.png,0
graph2996.png,0
graph2997.png,0
graph2998.png,0
graph2999.png,0
graph3000.png,0
graph3001.png,0
graph3002.png,0
graph3003.png,0
graph3004.png,0
graph3005.png,0
graph3006.png,0
graph3007.png,0
graph3008.png,0
graph3009.png,0
graph3010.png,0
graph3011.png,0
graph3012.png,0
graph3013.png,0
graph3014.png,0
graph3015.png,0
graph3016.png,0
graph3017.png,0
graph3018.png,0
graph3019.png,0
graph3020.png,0
graph3021.png,0
graph3022.png,0
graph3023.png,0
graph3024.png,0
graph3025.png,0
graph3026.png,0
graph3027.png,0
graph3028.png,0
graph3029.png,0
graph3030.png,0
graph3031.png,0
graph3032.png,0
graph3033.png,0
graph3034.png,0
graph3035.png,0
graph3036.png,0
graph3037.png,0
graph3038.png,0
graph3039.png,0
graph3040.png,0
graph3041.png,0
graph3042.png,0
graph3043.png,0
graph3044.png,0
graph3045.png,0
graph3046.png,0
graph3047.png,0
graph3048.png,0
graph3049.png,0
graph3050.png,0
graph3051.png,0
graph3052.png,0
graph3053.png,0
graph3054.png,0
graph3055.png,0
graph3056.png,0
graph3057.png,0
graph3058.png,0
graph3059.png,0
graph3060.png,0
graph3061.png,0
graph3062.png,0
graph3063.png,0
graph3064.png,0
graph3065.png,0
graph3066.png,0
graph3067.png,0
graph3068.png,0
graph3069.png,0
graph3070.png,0
graph3071.png,0
graph3072.png,0
graph3073.png,0
graph3074.png,0
graph3075.png,0
graph3076.png,0
graph3077.png,0
graph3078.png,0
graph3079.png,0
graph3080.png,0
graph3081.png,0
graph3082.png,0
graph3083.png,0
graph3084.png,0
graph3085.png,0
graph3086.png,0
graph3087.png,0
graph3088.png,0
graph3089.png,0
graph3090.png,0
graph3091.png,0
graph3092.png,0
graph3093.png,0
graph3094.png,0
graph3095.png,0
graph3096.png,0
graph3097.png,0
graph3098.png,0
graph3099.png,0
graph3100.png,0
graph3101.png,0
graph3102.png,0
graph3103.png,0
graph3104.png,0
graph3105.png,0
graph3106.png,0
graph3107.png,0
graph3108.png,0
graph3109.png,0
graph3110.png,0
graph3111.png,0
graph3112.png,0
graph3113.png,0
graph3114.png,0
graph3115.png,0
graph3116.png,0
graph3117.png,0
graph3118.png,0
graph3119.png,0
graph3120.png,0
graph3121.png,0
graph3122.png,0
graph3123.png,0
graph3124.png,0
graph3125.png,0
graph3126.png,0
graph3127.png,0
graph3128.png,0
graph3129.png,0
graph3130.png,0
graph3131.png,0
graph3132.png,0
graph3133.png,0
graph3134.png,0
graph3135.png,0
graph3136.png,0
graph3137.png,0
graph3138.png,0
graph3139.png,0
graph3140.png,0
graph3141.png,0
graph3142.png,0
graph3143.png,0
graph3144.png,0
graph3145.png,0
graph3146.png,0
graph3147.png,0
graph3148.png,0
graph3149.png,0
graph3150.png,0
graph3151.png,0
graph3152.png,0
graph3153.png,0
graph3154.png,0
graph3155.png,0
graph3156.png,0
graph3157.png,0
graph3158.png,0
graph3159.png,0
graph3160.png,0
graph3161.png,0
graph3162.png,0
graph3163.png,0
graph3164.png,0
graph3165.png,0
graph3166.png,0
graph3167.png,0
graph3168.png,0
graph3169.png,0
graph3170.png,0
graph3171.png,0
graph3172.png,0
graph3173.png,0
graph3174.png,0
graph3175.png,0
graph3176.png,0
graph3177.png,0
graph3178.png,0
graph3179.png,0
graph3180.png,0
graph3181.png,0
graph3182.png,0
graph3183.png,0
graph3184.png,0
graph3185.png,0
graph3186.png,0
graph3187.png,0
graph3188.png,0
graph3189.png,0
graph3190.png,0
graph3191.png,0
graph3192.png,0
graph3193.png,0
graph3194.png,0
graph3195.png,0
graph3196.png,0
graph3197.png,0
graph3198.png,0
graph3199.png,0
graph3200.png,0
graph3201.png,0
graph3202.png,0
graph3203.png,0
graph3204.png,0
graph3205.png,0
graph3206.png,0
graph3207.png,0
graph3208.png,0
graph3209.png,0
graph3210.png,0
graph3211.png,0
graph3212.png,0
graph3213.png,0
graph3214.png,0
graph3215.png,0
graph3216.png,0
graph3217.png,0
graph3218.png,0
graph3219.png,0
graph3220.png,0
graph3221.png,0
graph3222.png,0
graph3223.png,0
graph3224.png,0
graph3225.png,0
graph3226.png,0
graph3227.png,0
graph3228.png,0
graph3229.png,0
graph3230.png,0
graph3231.png,0
graph3232.png,0
graph3233.png,0
graph3234.png,0
graph3235.png,0
graph3236.png,0
graph3237.png,0
graph3238.png,0
graph3239.png,0
graph3240.png,0
graph3241.png,0
graph3242.png,0
graph3243.png,0
graph3244.png,0
graph3245.png,0
graph3246.png,0
graph3247.png,0
graph3248.png,0
graph3249.png,0
graph3250.png,0
graph3251.png,0
graph3252.png,0
graph3253.png,0
graph3254.png,0
graph3255.png,0
graph3256.png,0
graph3257.png,0
graph3258.png,0
graph3259.png,0
graph3260.png,0
graph3261.png,0
graph3262.png,0
graph3263.png,0
graph3264.png,0
graph3265.png,0
graph3266.png,0
graph3267.png,0
graph3268.png,0
graph3269.png,0
graph3270.png,0
graph3271.png,0
graph3272.png,0
graph3273.png,0
graph3274.png,0
graph3275.png,0
graph3276.png,0
graph3277.png,0
graph3278.png,0
graph3279.png,0
graph3280.png,0
graph3281.png,0
graph3282.png,0
graph3283.png,0
graph3284.png,0
graph3285.png,0
graph3286.png,0
graph3287.png,0
graph3288.png,0
graph3289.png,0
graph3290.png,0
graph3291.png,0
graph3292.png,0
graph3293.png,0
graph3294.png,0
graph3295.png,0
graph3296.png,0
graph3297.png,0
graph3298.png,0
graph3299.png,0
graph3300.png,0
graph3301.png,0
graph3302.png,0
graph3303.png,0
graph3304.png,0
graph3305.png,0
graph3306.png,0
graph3307.png,0
graph3308.png,0
graph3309.png,0
graph3310.png,0
graph3311.png,0
graph3312.png,0
graph3313.png,0
graph3314.png,0
graph3315.png,0
graph3316.png,0
graph3317.png,0
graph3318.png,0
graph3319.png,0
graph3320.png,0
graph3321.png,0
graph3322.png,0
graph3323.png,0
graph3324.png,0
graph3325.png,0
graph3326.png,0
graph3327.png,0
graph3328.png,0
graph3329.png,0
graph3330.png,0
graph3331.png,0
graph3332.png,0
graph3333.png,0
graph3334.png,0
graph3335.png,0
graph3336.png,0
graph3337.png,0
graph3338.png,0
graph3339.png,0
graph3340.png,0
graph3341.png,0
graph3342.png,0
graph3343.png,0
graph3344.png,0
graph3345.png,0
graph3346.png,0
graph3347.png,0
graph3348.png,0
graph3349.png,0
graph3350.png,0
graph3351.png,0
graph3352.png,0
graph3353.png,0
graph3354.png,0
graph3355.png,0
graph3356.png,0
graph3357.png,0
graph3358.png,0
graph3359.png,0
graph3360.png,0
graph3361.png,0
graph3362.png,0
graph3363.png,0
graph3364.png,0
graph3365.png,0
graph3366.png,0
graph3367.png,0
graph3368.png,0
graph3369.png,0
graph3370.png,0
graph3371.png,0
graph3372.png,0
graph3373.png,0
graph3374.png,0
graph3375.png,0
graph3376.png,0
graph3377.png,0
graph3378.png,0
graph3379.png,0
graph3380.png,0
graph3381.png,0
graph3382.png,0
graph3383.png,0
graph3384.png,0
graph3385.png,0
graph3386.png,0
graph3387.png,0
graph3388.png,0
graph3389.png,0
graph3390.png,0
graph3391.png,0
graph3392.png,0
graph3393.png,0
graph3394.png,0
graph3395.png,0
graph3396.png,0
graph3397.png,0
graph3398.png,0
graph3399.png,0
graph3400.png,0
graph3401.png,0
graph3402.png,0
graph3403.png,0
graph3404.png,0
graph3405.png,0
graph3406.png,0
graph3407.png,0
graph3408.png,0
graph3409.png,0
graph3410.png,0
graph3411.png,0
graph3412.png,0
graph3413.png,0
graph3414.png,0
graph3415.png,0
graph3416.png,0
graph3417.png,0
graph3418.png,0
graph3419.png,0
graph3420.png,0
graph3421.png,0
graph3422.png,0
graph3423.png,0
graph3424.png,0
graph3425.png,0
graph3426.png,0
graph3427.png,0
graph3428.png,0
graph3429.png,0
graph3430.png,0
graph3431.png,0
graph3432.png,0
graph3433.png,0
graph3434.png,0
graph3435.png,0
graph3436.png,0
graph3437.png,0
graph3438.png,0
graph3439.png,0
graph3440.png,0
graph3441.png,0
graph3442.png,0
graph3443.png,0
graph3444.png,0
graph3445.png,0
graph3446.png,0
graph3447.png,0
graph3448.png,0
graph3449.png,0
graph3450.png,0
graph3451.png,0
graph3452.png,0
graph3453.png,0
graph3454.png,0
graph3455.png,0
graph3456.png,0
graph3457.png,0
graph3458.png,0
graph3459.png,0
graph3460.png,0
graph3461.png,0
graph3462.png,0
graph3463.png,0
graph3464.png,0
graph3465.png,0
graph3466.png,0
graph3467.png,0
graph3468.png,0
graph3469.png,0
graph3470.png,0
graph3471.png,0
graph3472.png,0
graph3473.png,0
graph3474.png,0
graph3475.png,0
graph3476.png,0
graph3477.png,0
graph3478.png,0
graph3479.png,0
graph3480.png,0
graph3481.png,0
graph3482.png,0
graph3483.png,0
graph3484.png,0
graph3485.png,0
graph3486.png,0
graph3487.png,0
graph3488.png,0
graph3489.png,0
graph3490.png,0
graph3491.png,0
graph3492.png,0
graph3493.png,0
graph3494.png,0
graph3495.png,0
graph3496.png,0
graph3497.png,0
graph3498.png,0
graph3499.png,0
graph3500.png,0
graph3501.png,0
graph3502.png,0
graph3503.png,0
graph3504.png,0
graph3505.png,0
graph3506.png,0
graph3507.png,0
graph3508.png,0
graph3509.png,0
graph3510.png,0
graph3511.png,0
graph3512.png,0
graph3513.png,0
graph3514.png,0
graph3515.png,0
graph3516.png,0
graph3517.png,0
graph3518.png,0
graph3519.png,0
graph3520.png,0
graph3521.png,0
graph3522.png,0
graph3523.png,0
graph3524.png,0
graph3525.png,0
graph3526.png,0
graph3527.png,0
graph3528.png,0
graph3529.png,0
graph3530.png,0
graph3531.png,0
graph3532.png,0
graph3533.png,0
graph3534.png,0
graph3535.png,0
graph3536.png,0
graph3537.png,0
graph3538.png,0
graph3539.png,0
graph3540.png,0
graph3541.png,0
graph3542.png,0
graph3543.png,0
graph3544.png,0
graph3545.png,0
graph3546.png,0
graph3547.png,0
graph3548.png,0
graph3549.png,0
graph3550.png,0
graph3551.png,0
graph3552.png,0
graph3553.png,1
graph3554.png,1
graph3555.png,1
graph3556.png,1
graph3557.png,1
graph3558.png,1
graph3559.png,1
graph3560.png,1
graph3561.png,1
graph3562.png,1
graph3563.png,1
graph3564.png,1
graph3565.png,1
graph3566.png,1
graph3567.png,1
graph3568.png,1
graph3569.png,1
graph3570.png,1
graph3571.png,1
graph3572.png,1
graph3573.png,1
graph3574.png,1
graph3575.png,0
graph3576.png,0
graph3577.png,0
graph3578.png,0
graph3579.png,0
graph3580.png,0
graph3581.png,0
graph3582.png,0
graph3583.png,0
graph3584.png,0
graph3585.png,0
graph3586.png,0
graph3587.png,0
graph3588.png,0
graph3589.png,0
graph3590.png,0
graph3591.png,0
graph3592.png,0
graph3593.png,0
graph3594.png,0
graph3595.png,0
graph3596.png,0
graph3597.png,0
graph3598.png,0
graph3599.png,0
graph3600.png,0
graph3601.png,0
graph3602.png,0
graph3603.png,0
graph3604.png,0
graph3605.png,0
graph3606.png,0
graph3607.png,0
graph3608.png,0
graph3609.png,0
graph3610.png,0
graph3611.png,0
graph3612.png,0
graph3613.png,0
graph3614.png,0
graph3615.png,0
graph3616.png,0
graph3617.png,0
graph3618.png,0
graph3619.png,0
graph3620.png,0
graph3621.png,0
graph3622.png,0
graph3623.png,0
graph3624.png,0
graph3625.png,0
graph3626.png,0
graph3627.png,0
graph3628.png,0
graph3629.png,0
graph3630.png,0
graph3631.png,0
graph3632.png,0
graph3633.png,0
graph3634.png,0
graph3635.png,0
graph3636.png,0
graph3637.png,0
graph3638.png,0
graph3639.png,0
graph3640.png,0
graph3641.png,0
graph3642.png,0
graph3643.png,0
graph3644.png,0
graph3645.png,0
graph3646.png,0
graph3647.png,0
graph3648.png,0
graph3649.png,0
graph3650.png,0
graph3651.png,0
graph3652.png,0
graph3653.png,0
graph3654.png,0
graph3655.png,0
graph3656.png,0
graph3657.png,0
graph3658.png,0
graph3659.png,0
graph3660.png,0
graph3661.png,0
graph3662.png,0
graph3663.png,0
graph3664.png,0
graph3665.png,0
graph3666.png,0
graph3667.png,0
graph3668.png,0
graph3669.png,0
graph3670.png,0
graph3671.png,0
graph3672.png,0
graph3673.png,0
graph3674.png,0
graph3675.png,0
graph3676.png,0
graph3677.png,0
graph3678.png,0
graph3679.png,0
graph3680.png,0
graph3681.png,0
graph3682.png,0
graph3683.png,0
graph3684.png,0
graph3685.png,0
graph3686.png,0
graph3687.png,0
graph3688.png,0
graph3689.png,0
graph3690.png,0
graph3691.png,0
graph3692.png,0
graph3693.png,0
graph3694.png,0
graph3695.png,0
graph3696.png,0
graph3697.png,0
graph3698.png,0
graph3699.png,0
graph3700.png,0
graph3701.png,0
graph3702.png,0
graph3703.png,0
graph3704.png,0
graph3705.png,0
graph3706.png,0
graph3707.png,0
graph3708.png,0
graph3709.png,0
graph3710.png,0
graph3711.png,0
graph3712.png,0
graph3713.png,0
graph3714.png,0
graph3715.png,0
graph3716.png,0
graph3717.png,0
graph3718.png,0
graph3719.png,0
graph3720.png,0
graph3721.png,0
graph3722.png,0
graph3723.png,0
graph3724.png,0
graph3725.png,0
graph3726.png,0
graph3727.png,0
graph3728.png,0
graph3729.png,0
graph3730.png,0
graph3731.png,0
graph3732.png,0
graph3733.png,0
graph3734.png,0
graph3735.png,0
graph3736.png,0
graph3737.png,0
graph3738.png,0
graph3739.png,0
graph3740.png,0
graph3741.png,0
graph3742.png,0
graph3743.png,0
graph3744.png,0
graph3745.png,0
graph3746.png,0
graph3747.png,0
graph3748.png,0
graph3749.png,0
graph3750.png,0
graph3751.png,0
graph3752.png,0
graph3753.png,0
graph3754.png,0
graph3755.png,0
graph3756.png,0
graph3757.png,0
graph3758.png,0
graph3759.png,0
graph3760.png,0
graph3761.png,0
graph3762.png,0
graph3763.png,0
graph3764.png,0
graph3765.png,0
graph3766.png,0
graph3767.png,0
graph3768.png,0
graph3769.png,0
graph3770.png,0
graph3771.png,0
graph3772.png,0
graph3773.png,0
graph3774.png,0
graph3775.png,0
graph3776.png,0
graph3777.png,0
graph3778.png,0
graph3779.png,0
graph3780.png,0
graph3781.png,0
graph3782.png,0
graph3783.png,0
graph3784.png,0
graph3785.png,0
graph3786.png,0
graph3787.png,0
graph3788.png,0
graph3789.png,0
graph3790.png,0
graph3791.png,0
graph3792.png,0
graph3793.png,0
graph3794.png,0
graph3795.png,0
graph3796.png,0
graph3797.png,0
graph3798.png,0
graph3799.png,0
graph3800.png,0
graph3801.png,0
graph3802.png,0
graph3803.png,0
graph3804.png,0
graph3805.png,0
graph3806.png,0
graph3807.png,0
graph3808.png,0
graph3809.png,0
graph3810.png,0
graph3811.png,0
graph3812.png,0
graph3813.png,0
graph3814.png,0
graph3815.png,0
graph3816.png,0
graph3817.png,0
graph3818.png,0
graph3819.png,0
graph3820.png,0
graph3821.png,0
graph3822.png,0
graph3823.png,0
graph3824.png,0
graph3825.png,0
graph3826.png,0
graph3827.png,0
graph3828.png,0
graph3829.png,0
graph3830.png,0
graph3831.png,0
graph3832.png,0
graph3833.png,0
graph3834.png,0
graph3835.png,0
graph3836.png,0
graph3837.png,0
graph3838.png,0
graph3839.png,0
graph3840.png,0
graph3841.png,0
graph3842.png,0
graph3843.png,0
graph3844.png,0
graph3845.png,0
graph3846.png,0
graph3847.png,0
graph3848.png,0
graph3849.png,0
graph3850.png,0
graph3851.png,0
graph3852.png,0
graph3853.png,0
graph3854.png,0
graph3855.png,0
graph3856.png,0
graph3857.png,0
graph3858.png,0
graph3859.png,0
graph3860.png,0
graph3861.png,0
graph3862.png,0
graph3863.png,0
graph3864.png,0
graph3865.png,0
graph3866.png,0
graph3867.png,0
graph3868.png,0
graph3869.png,0
graph3870.png,0
graph3871.png,0
graph3872.png,0
graph3873.png,0
graph3874.png,0
graph3875.png,0
graph3876.png,0
graph3877.png,0
graph3878.png,0
graph3879.png,0
graph3880.png,0
graph3881.png,0
graph3882.png,0
graph3883.png,0
graph3884.png,0
graph3885.png,0
graph3886.png,0
graph3887.png,0
graph3888.png,0
graph3889.png,0
graph3890.png,0
graph3891.png,0
graph3892.png,0
graph3893.png,0
graph3894.png,1
graph3895.png,1
graph3896.png,1
graph3897.png,1
graph3898.png,1
graph3899.png,1
graph3900.png,1
graph3901.png,1
graph3902.png,1
graph3903.png,1
graph3904.png,1
graph3905.png,0
graph3906.png,0
graph3907.png,0
graph3908.png,0
graph3909.png,0
graph3910.png,0
graph3911.png,0
graph3912.png,0
graph3913.png,0
graph3914.png,0
graph3915.png,0
graph3916.png,0
graph3917.png,0
graph3918.png,0
graph3919.png,0
graph3920.png,0
graph3921.png,0
graph3922.png,0
graph3923.png,0
graph3924.png,0
graph3925.png,0
graph3926.png,0
graph3927.png,0
graph3928.png,0
graph3929.png,0
graph3930.png,0
graph3931.png,0
graph3932.png,0
graph3933.png,0
graph3934.png,0
graph3935.png,0
graph3936.png,0
graph3937.png,0
graph3938.png,0
graph3939.png,0
graph3940.png,0
graph3941.png,0
graph3942.png,0
graph3943.png,0
graph3944.png,0
graph3945.png,0
graph3946.png,0
graph3947.png,0
graph3948.png,0
graph3949.png,0
graph3950.png,0
graph3951.png,0
graph3952.png,0
graph3953.png,0
graph3954.png,0
graph3955.png,0
graph3956.png,0
graph3957.png,0
graph3958.png,0
graph3959.png,0
graph3960.png,0
graph3961.png,0
graph3962.png,0
graph3963.png,0
graph3964.png,0
graph3965.png,0
graph3966.png,0
graph3967.png,0
graph3968.png,0
graph3969.png,0
graph3970.png,0
graph3971.png,0
graph3972.png,0
graph3973.png,0
graph3974.png,0
graph3975.png,0
graph3976.png,0
graph3977.png,0
graph3978.png,0
graph3979.png,0
graph3980.png,0
graph3981.png,0
graph3982.png,0
graph3983.png,0
graph3984.png,0
graph3985.png,0
graph3986.png,0
graph3987.png,0
graph3988.png,0
graph3989.png,0
graph3990.png,0
graph3991.png,0
graph3992.png,0
graph3993.png,0
graph3994.png,0
graph3995.png,0
graph3996.png,0
graph3997.png,0
graph3998.png,0
graph3999.png,0
graph4000.png,0
graph4001.png,0
graph4002.png,0
graph4003.png,0
graph4004.png,0
graph4005.png,0
graph4006.png,0
graph4007.png,0
graph4008.png,0
graph4009.png,0
graph4010.png,0
graph4011.png,0
graph4012.png,0
graph4013.png,0
graph4014.png,0
